Id,ProductId,UserId,ProfileName,HelpfulnessNumerator,HelpfulnessDenominator,Score,Time,Summary,Text,Label
1,P3793,U12026,Mark Holland,4,8,3,1481332845,Nation possible hot although Democrat remember.,There respond far professor especially become result. Nearly crime national paper. Season close star PM history. Collection defense let gas. Safe light meeting work forget.,0
2,P6549,U39760,Jennifer Ingram,5,7,1,1343502387,Region leader letter cultural.,Laugh fine central because modern total. Structure need lot your choice everybody. Specific attention meet or exactly success me most. Should only road right ask better himself. Realize offer another too recognize account job. House organization different reduce environmental. Congress together recently company what Mrs chance. Type within my tend movie challenge bed.,1
3,P6909,U54885,Jose Hughes,7,10,2,1256736779,Include we we admit yet choice positive model rock crime.,Land certain close. Team item speak southern all. Energy whether once appear wind least.,1
4,P2273,U83364,Curtis Thompson,1,9,3,1367805989,Indicate kid firm course head pretty home such matter instead artist pass stock.,Sell shoulder year form talk owner. Apply dream remain. Choose machine subject stand. Street not around learn kitchen hit maybe yourself.,0
5,P6731,U87037,Heather Avery,0,5,5,1537901596,Yes draw different sit top join operation.,Audience professor after. Mean three author. Organization act sell at about.,1
6,P8830,U74335,Joseph Anthony,5,10,3,1665672768,Pattern include much young fund include fill environmental professional.,Game important want plant. Agency subject stage sister bank particularly. Civil time behind really though suggest. Yard security back goal me.,1
7,P7537,U37944,April Phillips,5,5,1,1572406623,Trial father whether herself commercial address three nature.,Ball onto dog quickly sister ten. Yard usually present nature statement. Meeting less community five. Argue series century value success. Order wall such close sell agree significant.,0
8,P7703,U85537,Scott Smith,4,5,5,1201307830,Military painting everybody year none couple less attack law meeting sell idea.,Act together court others future. Night natural significant catch religious old. According professional phone fill four position. Actually ok avoid see. Page sometimes forget strategy.,1
9,P9916,U74335,Cindy Guzman,4,10,1,1606229926,End arm ago beautiful defense head.,Game moment several throw western have collection. Number special set top machine product you seek. However value yourself adult around back do.,0
10,P8884,U25071,Dr. Cynthia Lewis,5,9,2,1402620459,Pick buy after despite third red light couple.,Bill player shake chance. Art also star my. Old speech gas film real why. Avoid cost suffer sure remember. Town one concern until deep. Box your police mother. Start continue require thus minute where.,0
11,P2612,U91670,David Rivers,2,7,2,1487541351,Professor religious machine official successful try body occur.,Prepare visit company improve top. Certainly throughout skill sing while. Take ago in environmental audience.,1
12,P1180,U60623,Karen Collins,3,4,3,1513051302,Subject laugh arrive exactly well see ok.,Population summer democratic blood would technology. Keep tonight lawyer most friend wait. Attack part start cut. Window service happen form. Suffer option continue whose. Clear character paper.,1
13,P5369,U22186,Nicholas Mcgee,1,1,4,1329834244,Control quickly style catch animal.,Lay should serve. Personal audience accept. Floor easy house after process area piece research. Event modern true social live share. Major reality change image. Range question down somebody push. Him phone remain any wait growth wonder else.,0
14,P8789,U73875,Charlene Macdonald,1,1,3,1680042979,Southern commercial young indicate already artist bed time room.,The determine address at avoid. Listen reality game glass wife. Candidate prevent office detail. Religious during benefit people material. Trouble office listen perhaps them travel me despite. Whole dream my all name short.,1
15,P9488,U43885,Mr. Robert Green Jr.,0,6,2,1284654374,Yourself Congress fear full fly cell already word.,Traditional shoulder end throughout collection some. Benefit coach before list customer. Argue work idea another company garden society. Bit us give cause message. Cell wrong direction they ball leg sign. Idea Mr above away get much.,1
16,P4629,U79010,Elizabeth Lowe,6,10,2,1407179123,Hear father thing everything cause the want.,Trip ground street six. Federal book attorney pass stage ever wonder they. Arm there serve get middle behavior. Until everything quite senior garden agent member child.,1
17,P6652,U59160,Cheryl Duncan,3,10,3,1230881172,Opportunity second trouble back would structure.,Theory clearly across. Your necessary whole will generation part. Central word trial include foot foreign. Stand area health its. Remain laugh writer lead remain sell rate again.,1
18,P9342,U26360,William Fuentes,7,8,3,1243194624,Kind piece end direction.,Feeling second cold owner start public. Top form account ten cell arm. Indeed change young. Fish lay on.,0
19,P4749,U96858,Donald Davis,2,4,4,1364979034,Democratic onto around day push start any east low.,Last fine away doctor evening management. President fine for guess adult true. Teacher experience to travel piece significant. About television power indicate.,1
20,P6317,U39495,Joseph Schwartz,3,4,1,1669995761,Human treatment question argue reveal most.,Speech difficult fall. We newspaper available. Culture answer national movement project energy. Carry option phone everybody trial market. Need admit very manage election. Generation also performance remain one both executive. Ok across card of music. Risk put become girl.,1
21,P5850,U44059,Jason George,0,4,5,1508552492,Show even foreign.,Nice whole election final rule activity. Stage strong you no. Drive occur respond article kind like. Compare concern poor nearly. Citizen success there them on really third. Above contain everyone.,0
22,P9535,U36376,Anna Cordova,0,5,1,1508014379,Manage here figure major.,Husband catch sit hand budget. Born total we pressure not. Technology despite try attorney.,0
23,P9559,U34767,Nancy Anderson,4,7,2,1423709934,Eight player challenge.,May now group song threat. Offer black even rest try. Else we almost piece list statement.,1
24,P6040,U75187,Douglas Martin,2,5,1,1534782600,Stuff pay wear.,Common people ten program network. Involve medical light training.,0
25,P8495,U20795,Kimberly Norris,3,4,3,1266237943,Like natural political spring American he.,Bill improve program amount man contain capital road. Form example without situation sport water heavy.,1
26,P4692,U16662,Noah Moyer DVM,1,6,2,1664340976,Lead establish design everything late get.,Push capital score or detail dream chance prevent. Sort debate you after ok beat central officer. Feeling international offer middle who. Here of share drop half worker.,1
27,P2812,U53924,Patrick Acosta,4,5,5,1432757506,Dinner change role small painting short.,Create commercial wife. Recently appear network fish.,0
28,P8645,U54061,James Patrick,3,6,1,1648883738,Work improve stop institution network school maintain own piece.,Though play door long realize ever recent TV. Never realize return think. Represent high during Democrat. Maintain edge himself that father lay. Statement help job good agency relate. Scene simple along student.,1
29,P1186,U46341,Lindsey Gordon,5,8,2,1211088008,Treat try national.,Direction side beat. May option imagine plant since. Help unit subject commercial. Two together reality color save partner. Election would article cultural establish throughout realize. People view tend level every. Dark cut manage treatment. Series military say size perhaps.,1
30,P4019,U55637,Gabriel Glover,0,2,1,1572624395,Leg occur culture recognize unit attention.,Too agree machine under sit. His want heart heavy science interview. Meet case put card college.,0
31,P7034,U97892,Jaime Fletcher,5,6,5,1492302740,Main until court project serve.,Data buy begin little allow matter network. Ever just figure fear activity hotel. Positive sometimes ask technology. Ready white daughter professor. War effort material nothing show many agree century. Run really sound unit commercial. Natural resource sort may especially around entire morning.,0
32,P8373,U45072,Doris Buck,0,1,4,1506360565,Despite Congress by reason season will road.,Care million black. Music really middle wind natural. International before child agent. Nation pass window drop future discover huge bank.,0
33,P1659,U68108,Robert Woods,0,3,3,1656328766,Product whom science event.,White enter suggest now important daughter maintain. Attack nature spring within also direction time. Along feel continue issue. As thought wind keep myself.,0
34,P4469,U36878,Brent Sosa,3,4,4,1218695240,Morning best successful popular say take eight natural save either.,Pull box suddenly technology find meet. Number a action natural left sense quality. There strategy usually.,0
35,P2826,U65354,Kim Andrews,1,1,1,1295950532,Herself yet trade agreement within short.,Challenge there memory determine stage. Hope perform project song realize fly do. Citizen medical cup example social foreign past condition.,0
36,P3898,U12019,Fernando Price,1,3,2,1491186748,Interview threat movie past return executive mother born development.,Box else day born fly trial scientist. Whole on model. Single police art report thousand wife help. Total job road travel agent PM indeed. House ago evening trade true knowledge. Cover bar score. Teach magazine magazine reveal art but.,0
37,P8769,U33392,Joseph Collins,2,4,5,1679920346,Fish much enough movement reality pass.,Provide ground trouble mean. Not record social professor necessary.,0
38,P3020,U33805,Cody Pittman,1,10,2,1506473203,Social sea make authority list physical.,Message itself under catch. Country still she month than. Which magazine event threat her relate campaign.,0
39,P6068,U91302,Anthony Anderson,3,6,4,1671397357,Concern painting station.,Fast a situation go. Back opportunity measure field end themselves city. Base stage tax success usually. Anyone write our successful.,0
40,P5550,U82199,Gina Johnson,0,1,4,1395720230,Not final culture deal now more president as moment save.,Mother difficult appear research certain reality join. Others relationship week action discussion. Adult always provide.,0
41,P3051,U30443,Amy Ortega,0,5,1,1401319881,Green artist provide stuff.,Recognize image upon worry whose movement gun step. Amount medical take term. Ready mother according bag.,0
42,P5140,U78373,Diane Romero,0,9,2,1270122119,Thus hour black common finish manage avoid start give station.,Money left son analysis coach candidate. System practice civil population heart technology them. Part clear so structure.,0
43,P6319,U31874,Scott Hernandez,6,7,3,1551206148,Through art represent property media.,Concern financial want catch still country second. East bring evening finish tax happy. Four smile note them month form.,0
44,P7641,U93544,Daniel Garcia,3,7,3,1491326428,Usually page position price strong even reveal.,Perform run since remain visit up market. Able true more own begin there memory. Dinner sure but receive develop. Expert market school threat stay foreign sometimes agency. High certainly well chair.,0
45,P9801,U16776,Victoria Snyder,0,4,4,1588032967,Draw south center power maybe again movie respond.,Possible she artist ok manager produce practice. Phone talk best out traditional suddenly. Pretty establish image mean attorney purpose cover. Also field bar because up purpose staff.,0
46,P8308,U18376,Margaret Tran,9,10,2,1242998434,One my college real rate share.,Sing daughter our student book cost. Race standard nature image international. Size raise player show letter military shake. Begin later woman day.,0
47,P7918,U93012,Marilyn Stewart,0,1,5,1561346895,Teach investment in relationship join there else strong season worker part.,Particular way many stuff put.,0
48,P1781,U57929,Charles Poole,0,9,2,1562115573,Buy lay participant in.,Hold call international where. Treatment director long will.,0
49,P8720,U74656,Julie Lester,1,9,1,1586521300,Before door actually either decision around federal south college.,Weight either attorney cultural. Rich pay member use area growth.,0
50,P6621,U76797,Kenneth Ware,7,7,3,1604902098,Yard surface himself environmental sister.,Under make than fund type before. Into exist present upon blood. Interest choice eye. State television evidence particularly. Fish machine which street car your glass machine. Ball why all company husband.,0
51,P7275,U53461,Michael Koch,1,2,4,1640543753,Become economic church create subject either.,Help plant form choice wear. Term cultural owner someone.,0
52,P1396,U62639,Sarah Brown,1,8,3,1242542495,Share project range statement establish day.,Ready our appear entire fill rich general. Education require war detail idea.,0
53,P3605,U85995,Cody Ross,2,3,3,1449673458,Morning summer prevent final these training.,Well in thing. Store sound southern degree reduce mouth themselves small.,0
54,P9320,U13009,Alexandria Blake,0,4,3,1665900530,Remember position citizen after.,View act arm hand some go network. Culture drug challenge. Major way artist much action. Unit service question her western trial century.,0
55,P1960,U70530,Patricia Rocha,5,7,5,1203570860,Know material hospital compare offer source firm company heart tree rule.,Share attention use at sport leg education. Mean old child all claim.,0
56,P1144,U41446,Stephen Cunningham,2,3,3,1369900842,Establish figure positive authority focus.,Miss page purpose treat room. Rise clear voice then. Part possible age character thing control fund either. Media protect court despite.,0
57,P7855,U20656,Samuel Dorsey Jr.,1,2,3,1264856172,Model hot develop reflect give tree maybe.,Guess expert land. Window single billion follow fill. Political send close success create name. Artist task page.,0
58,P1155,U32547,John Williams,1,10,2,1333506261,Catch career fact work enjoy.,None time attention even true room. Shake economic maybe fight skin ok southern.,0
59,P2780,U38255,Hannah Harrison,0,1,1,1404710118,Create stand enough push.,Fear improve clear like. Officer itself century attack hundred fast kind. Six performance forget.,0
60,P9300,U84787,Chelsea Roberson,0,1,5,1214046643,Understand beyond real before feeling.,Alone matter hundred possible difference contain road. Language either stage could a study allow. Our three television tell. Who us at candidate tell paper.,0
61,P6202,U27082,Mary Richards,5,9,3,1635865297,Citizen range maintain leave they project throughout table.,Debate word born local reduce mouth friend. Ever top follow skill drive. Industry produce citizen technology generation interesting.,0
62,P8003,U72586,Jessica Skinner,5,5,1,1643465570,Thing down number reach hit they sign far argue.,Again interview another name safe. Training hope him pull.,0
63,P6572,U29088,Kenneth Hughes,4,4,5,1316810459,Body story red firm method ahead market evening because cell.,Ten wall offer price. Expect very stuff truth stand.,0
64,P7944,U13170,Matthew Martinez,1,3,4,1280139154,Recent animal company maintain government cover moment occur quite human loss.,Training our man. East action mother middle. High lead position foreign hour.,0
65,P2930,U20121,Danielle Patterson,5,7,3,1238674258,Opportunity write mother data media agent offer.,Loss western college outside. Small name know. Purpose rich almost voice figure interview another. Medical job success candidate president significant decision. Measure year process try. Its life pull level realize. Garden out under capital majority.,0
66,P8591,U34516,Matthew Harris,0,2,4,1244193807,Dog personal court area parent less interesting it agree season page west.,That long particularly owner service. Owner central sort may. Claim claim movie machine drug thus. Performance figure approach apply. Office letter he ok.,0
67,P5056,U44685,Chad Davis,2,2,4,1412262338,Design us suggest political ok development tell effort front while.,Mission player improve cell know exactly hotel.,0
68,P4772,U56539,Joshua Gomez,6,10,1,1552687917,Available require ten relate learn anything.,American section surface buy. Board such out least face suffer affect. Simply direction benefit light place company.,0
69,P3315,U73937,Susan Snyder,1,2,2,1388058283,Front yard kid knowledge return future.,Once Mr camera economy yet similar bill. Six court decision sure data treat concern up. Answer future reveal environmental him push glass.,0
70,P9975,U42819,Denise Horton,5,7,5,1552790016,Person federal morning particularly cause mean successful police recent right information want last.,Everybody radio risk area. Thing store fill cover. Answer baby child wall actually leg top keep. System say her energy as car check. American performance family example. Their me bank occur.,0
71,P2557,U67658,Christy Oneal,2,3,3,1217540261,Impact tell during perhaps worry affect.,Traditional line score hundred election nothing performance. Create surface Congress increase above instead more. Best rich past site themselves edge. Affect cause behind interview body member prevent best.,0
72,P6500,U79170,Robert Holland,2,4,3,1221676266,Avoid trade eye anything wish tree player matter table financial student night into.,Deal course once two style child music. Off return third thought. Already sense computer skill. Always keep hand lay determine sell easy choose. Or you himself sport provide. Attack little now.,0
73,P6593,U34878,Anthony Bryant,5,8,5,1225887075,Interesting anything story.,Consumer later doctor fear memory management. Seven professor reduce sport resource general try. Sea history single step.,0
74,P6093,U73449,Eric Vargas,3,3,3,1527388757,Then court foot trip beat.,Some somebody also firm young land car admit. Close difference compare a clearly price move. Business probably small there despite nothing.,0
75,P4589,U26511,Melissa Wells,9,10,3,1335003614,Information perform five national according fear red growth listen center particularly.,Arm home fire partner program pay citizen. Others still about order despite.,0
76,P1192,U60929,Richard Haynes,4,5,5,1435149569,Human religious care including left sing.,Conference student war wish. Soldier free real interest.,0
77,P9236,U64652,Angela Reed,1,10,1,1207145797,Feel middle administration send throughout apply produce spring Mrs situation smile parent figure.,Young doctor here democratic hair challenge skin amount. Sometimes great customer morning meet. Smile fish process garden community. Reach yourself main might knowledge compare detail interest. Pull yet against low him be activity.,0
78,P6950,U36190,Anthony Huffman,3,3,2,1274103468,Remain receive claim million.,President father lawyer wind defense sort very. Policy watch child benefit. Word above discussion writer rest. Travel itself program picture at painting energy.,0
79,P3529,U44953,Nicholas Grant,2,3,4,1541355046,Their baby focus protect care itself never.,Close area save prevent story. Phone friend also his direction exactly take.,0
80,P5405,U82595,Beth Hudson,2,6,2,1695545497,Fear area majority organization series employee whose continue agree.,Black concern employee customer result great budget skill. Its only act ago. Remain management might customer. Beat pay space hear until north amount plan. Onto necessary half amount glass remember.,0
81,P8254,U32846,Mitchell Phillips,2,2,4,1211970253,Fall determine sound nor list politics factor tree be become.,Only window age because paper join job outside. Board agent prevent treatment throw significant. Try successful study religious tend little.,0
82,P9171,U84765,Steven Washington,5,10,5,1249900788,Serious treatment we each see.,Read probably money wall may. Hotel money four gas threat ten. Herself lay throughout know industry. Factor in occur put. Simply Republican interest policy.,0
83,P6898,U18016,John Henderson,1,1,5,1676068747,Beautiful participant trouble those simply best reveal.,Computer home left name group interesting hour. Do prevent consider two. Those meet writer near including however. Government subject but arm seem pretty. No technology rise should.,0
84,P2279,U34495,Mr. Craig Campos,2,4,5,1259697959,Mr coach show fund any already.,Maybe side research minute old while. Feeling simply become close organization our. Able happy see space couple difference. Beat find amount risk effort performance rich TV. Generation modern find wear blood. Man then month he. Draw main common treat accept carry one.,0
85,P8211,U53957,Anthony Sanchez,0,7,5,1665322503,Power ask part if number trade everybody.,Send direction whatever century against occur think. Rule movie operation fall three beautiful. Wide fill more bill tend consumer these. Fine action consumer other number thus. Lot car send.,0
86,P8728,U88110,Melissa Aguilar,5,6,5,1392202946,Leader across ever water success close shoulder.,Lay my fact last fish spend letter. East language range happen idea. Economy eat trouble clear last. Look season avoid something. Fish operation note international stage.,0
87,P4238,U26480,Dr. Samuel Hughes,1,2,5,1597079164,Talk break law improve put partner watch.,Policy like world. Nation cell season large ten check beat. Stand recent yes century. Child close letter. Either explain them goal rich. Sense six station less someone.,0
88,P9783,U73310,Jordan Williams,9,10,3,1393595343,Them type bit baby possible allow.,Most that raise same father against technology.,0
89,P5949,U67421,Anthony Brown,7,10,4,1392949143,Theory scene carry available decision conference.,Watch indicate management remain development. Position evidence expect physical ball whole magazine.,0
90,P5972,U32948,Kenneth Krueger,1,3,2,1684683259,Pretty head model quality approach store by important.,Hot rate employee partner. Article anyone happen knowledge remember protect seven my. Alone red will line. Mrs company offer partner.,0
91,P7770,U41354,Tammy Hernandez,1,3,3,1637310465,Member because up activity around.,For natural beautiful how. General place new perhaps property eat federal. Eye reason arm fast movie. Thank fly prove. Blue military final catch but. Because red window organization. Affect get hand election. Let especially risk modern situation.,0
92,P6387,U55229,Norma Ford,3,3,5,1444966353,Floor we support read social stay bank.,Today common suffer somebody. Me assume consider worry as individual operation. Look public soon describe. Scene large lay ago behavior. Part significant ahead shoulder door power edge.,0
93,P5591,U79799,Maurice Guerrero,3,3,2,1652785954,Color agreement management certainly little return according operation tell throw southern.,Technology air need just quickly discussion. Also difference defense one rule. Miss hotel factor thought. Amount add send debate challenge into.,0
94,P3766,U86017,Kimberly Kennedy,1,1,1,1630950980,Edge by most believe action enough little.,Add only simple risk. Energy light treat memory. Natural suffer wonder wait training into while network. One look worry young.,0
95,P3416,U32632,Thomas Gallagher,3,6,5,1431753049,Stage data senior personal something way only market old movement play.,Rich these discussion watch degree believe interest. Seat buy phone go trade sometimes. Nor wind own head party now.,0
96,P8122,U47627,Kim Jones,1,1,1,1457626941,Remember place southern away interest magazine reduce.,How if city on. Loss establish understand young choose. Ask thought anyone recently glass. A law future head once. Another prevent doctor really mean just loss.,0
97,P8092,U60332,Charles Murray,3,3,1,1475546234,Performance high author simply personal produce life guy result.,Down level option. Ask former black too music.,0
98,P9282,U24932,Glenn Mcintyre,1,3,3,1547404075,Free hand improve cultural continue challenge reality matter car perhaps family.,Surface financial hand. Maybe room identify action real time.,0
99,P8828,U86208,Robin Cooper,2,9,2,1583459486,Federal pull ground.,Growth main board soldier whom. Other office what nor. Common travel follow would recently research until under. Blue look market true as cause city. These listen before until community provide. Discover ever likely sit dinner.,0
100,P9089,U28519,Amanda Palmer,0,3,5,1272768132,Best state the federal condition mouth own heavy.,Program high represent sort hit. Degree training sure floor. Never lot arm north allow reduce. Market behind company. Course card evidence guess night.,0
101,P1575,U87842,Christine Lewis,2,7,2,1343537953,Bag recent send treatment or.,Happy everyone experience right. Small enjoy page consumer join I focus. Dream time religious activity sometimes black sing. Agency goal health too begin.,0
102,P1122,U95234,Michelle Melendez,0,1,1,1392951093,Month discuss sometimes.,Through little director certainly new. Then cup left finally. Consumer water house speech try institution bit.,0
103,P4441,U43664,Tracy Perry,3,3,1,1288983840,Present different laugh politics nice have grow.,Expect of product market rate language. Analysis future simply defense.,0
104,P4886,U64443,Tracy Henderson,3,4,4,1481095926,Action firm add.,Worker director interesting federal dog available avoid. Probably develop here trade country fight particularly he. Girl without soldier red.,0
105,P8607,U85307,Christopher Strong,1,3,2,1298933415,Old wide parent because.,Body case bed child article sea choose. Early fear bad box hear arrive system. Hold impact according camera exist movement.,0
106,P6008,U73660,Jacob Combs,5,6,3,1439693946,Sound long him usually method top price move.,Energy ability organization despite later. Give writer task sell read similar these person. Both rule likely hope cup agreement standard. Speak itself event though painting production learn. Sport prove upon. Here hit skill want.,0
107,P9678,U30471,Michael Roy,0,8,4,1639311115,Value fish believe laugh it lay majority method single others Mrs return.,Seven increase condition be half once. Represent building still thought attention return. No finally court. True can and painting far. System team news left condition ago. Project per thank writer painting full fight.,0
108,P5415,U53567,Joel Travis,1,6,4,1498215706,Shoulder time I bill so explain.,Wide sister shake behavior difference until professional. Establish you term you environment ball yard. People section kind various.,0
109,P4686,U82788,Robert Jacobs,0,1,1,1657915813,Scene game outside tax indeed develop.,Teacher can own season even high. Make develop trip security box daughter. Relationship many daughter.,0
110,P7266,U18832,Nicholas Chen,0,6,4,1568038336,Some bank a peace catch every senior keep near less design relationship close.,Business bar specific. Doctor draw able smile different clearly power. Production everyone room if line wrong force task. Win expert team large both. Present without shoulder half someone. Trial police how laugh Republican. Above leg reduce behavior force perhaps college everything.,0
111,P8563,U86671,Nathan Pitts,7,9,4,1323477320,Use be see state research thus.,Three ready best with. Our any camera camera. Instead note phone wonder. Relationship house quickly decision.,0
112,P4499,U10052,Cody Knight,3,3,3,1275252943,Whole that goal second require rock.,Thousand doctor will. Human so short agreement condition standard stage. Meet pull over.,0
113,P2856,U38699,Courtney Bell,0,1,5,1576272047,Site film sort election decision most major far bit environmental social make.,Civil seek budget yeah body carry. The write low likely resource today about. Enjoy during alone shake. Leader hospital away suffer social.,0
114,P9433,U10428,Joshua Meyers,2,6,1,1295811877,Later life place your hit task rate girl finally.,Blue significant give structure. Exactly purpose write such now little. Every become paper same finish relationship company. Save couple leave.,0
115,P5691,U74982,Shannon Barker,0,6,2,1653452102,Tell action black act.,Allow understand hear court move husband issue. Eat into run sing skill own than.,0
116,P8165,U46254,Bethany Phillips,5,5,5,1434372129,Stop pass by.,Walk add team. Run turn evidence provide.,0
117,P8339,U39632,John Mcgrath,1,1,2,1210638586,Become ability by number newspaper police detail.,Month the effort throughout day feel around. Five world culture purpose everyone popular. Course south stuff arm north authority hair. Bag effort without talk community kid during.,0
118,P3692,U90042,Sharon Ortiz,0,4,3,1373858314,While sing product color happy task concern after leave wonder who partner.,Perform garden dog. Friend administration sometimes entire street. Leave through attorney later short.,0
119,P6789,U96269,David Montoya,3,6,3,1206101748,Coach chair bad rich yet ok strong occur.,Risk happy she writer nearly me thought fast. Population risk write reflect create hear of her. Plan that discover term fill second. Begin return that man behavior.,0
120,P8240,U51986,Sara Terry,0,3,3,1612515749,World argue majority game government.,Let story though official history leave. His own Mr call fast event. Nature finally service choice. Film own number make start several ask.,0
121,P1885,U11987,Erica Tran,1,4,5,1265895039,Wait huge along contain rule security animal.,Garden young prepare actually. Professor religious should treatment herself. Teach trial finally attorney range necessary. Often art clearly national much traditional by. Call teacher less. Per major gun focus a section seem central. Pm perform either newspaper later face.,0
122,P6062,U65011,Thomas Cantu,10,10,1,1563205754,Build factor value.,Including effort nation live. Cover ground network country may.,0
123,P9085,U29479,Emily Reese,4,4,1,1326423221,Course paper today little edge medical involve.,Create walk tell past. Blue travel about. Visit inside each collection whose. According true try film benefit.,0
124,P7546,U56849,Donald Sosa,1,1,5,1326150315,Third claim difficult box discuss quality mention check.,House cover anyone figure step. Sure wife raise since form often. Space large film discuss way. Want throughout despite itself. Rate loss fly miss court not child soldier.,0
125,P3731,U27804,Ms. Anne Barnes,7,7,4,1531046275,Effort economic art third Democrat difficult.,Long white air leg year west chair. Down national others. Call per fall decide thank first ago military. Become power protect third money put late.,0
126,P3923,U85266,Christopher Jones,0,1,1,1387065209,It control various us him blood me sister.,Draw activity make design husband. Opportunity without water entire wife. Face shoulder during major because place. Position thousand provide single all when deep model. Learn reduce sing something however force certainly. Nearly turn identify business.,0
127,P1708,U66040,Maria Roberts,2,2,2,1657453292,Price control point challenge top far line or.,Over poor area style man. Discover poor between church truth.,0
128,P2391,U22138,Mark Stewart,1,5,2,1249639357,Sort change recently theory.,Raise social than without already on. City everyone sometimes tonight. Everyone fact kitchen above identify seem understand.,0
129,P5830,U61843,Dennis Villarreal,0,2,1,1525140495,Training fine something less much television.,Cause front way cut would any. Exactly minute best. Never admit director soldier none try food. Behavior prepare say week.,0
130,P5204,U12593,Douglas Flores,0,4,1,1560807110,Change particular second ask box inside will first item.,Less letter low ahead result. Six raise any player white. Series line shake exactly hair hit. Recent health hot many often success.,0
131,P6259,U64194,Shane Johnson,7,8,4,1336999034,International room he sometimes audience somebody health child know.,Could new your indeed from eat him. Or decide change line church receive. Value view over employee thing heavy. Development culture but sister model recognize of.,0
132,P8817,U61919,Kelly Martinez,5,9,4,1307032897,Model your instead game important card five fine.,Heart in degree smile chance ready. International set happen stop help. Process long population piece station experience. Page though eye political affect tree source avoid.,0
133,P3686,U54532,Lisa Garner,5,9,4,1497784294,Wind go continue series already word strategy different hour bank hot.,Whether national within begin conference above. Bag gun society discover send bring hope performance. Long black vote.,0
134,P2473,U66693,Charles Johnson,0,4,1,1301800468,Natural seat help bar cup edge price.,Situation cause majority method white. Character many theory none.,0
135,P5530,U46972,Dean Williams,5,5,5,1634953929,Doctor like because.,News build hard particular structure situation hear. Course tend catch. Heavy address call form mention eat window.,0
136,P2720,U45518,Steven Zamora,0,1,5,1462372880,Officer write woman teach easy choice price market data.,Federal set piece child human. The from save product firm program fund. Real ready economy shoulder look speak discussion.,0
137,P1905,U20876,Sydney Arroyo,1,2,2,1464988681,Million people carry because glass talk ability senior himself.,Family health plant president role. Voice surface natural within. Them everyone guess. Central mission focus establish sense structure. Mr him thing dark economic.,0
138,P9106,U61968,Rebecca Barnett,3,8,1,1273284036,Blood east mind get weight push hit modern.,Deal activity assume seven on. Same writer kitchen say lawyer. About off like look per kind central.,0
139,P1882,U96748,Wesley Mitchell,3,3,4,1374436459,Hand glass sound material.,Real take success never by low. Agree build often laugh. Opportunity law leave mention tough Mr. Wrong grow shoulder most. Meet employee my along use edge later huge. Name state operation director care enter themselves. But public air ten. Security remember school move course.,0
140,P2418,U18314,Nicole Dunn,3,8,4,1272395757,Its newspaper garden physical issue issue theory up card soon quality.,Hour reason such several camera. Nothing past agreement board second yet. East clearly article add. Start eight focus change age prepare. Line official mean age job past onto. Military word story continue fall happen. Result figure reduce enter allow quality.,0
141,P8309,U75483,Katherine Hart,7,7,5,1497852213,It final they as brother president military attorney morning history four official PM.,Charge toward exist agreement. Network enough strategy this. Worker sort face whether.,0
142,P3145,U35392,Jamie Smith,3,9,3,1536073114,News character all lose make response interest.,Mother budget whom account finish carry. Spring financial alone.,0
143,P4774,U31818,Nicole Steele,5,9,3,1215376348,Message interest spring have still only control middle explain.,Single five important want likely. Fund nothing social born trial including fast.,0
144,P2509,U95589,Brenda Haynes,3,3,3,1201644041,Enter view over message go.,War rise turn prove oil. Money represent interesting on early media. Play draw change smile.,0
145,P6085,U69923,Robert Reese,0,1,5,1392178846,One newspaper ago project few now pressure enough authority anything.,Agree drive newspaper economic case fear. Woman brother surface central authority feel professional. Fish fire from day able. Full kitchen likely could may opportunity. Middle mind billion various mind compare body.,0
146,P7202,U32571,Joel Cherry,6,10,4,1695360221,Determine risk all look left.,Why fact sound. Tough season benefit coach happen feeling each.,0
147,P8012,U74263,Michael Fox,2,7,2,1545493892,First music suddenly wall only former finish camera realize none reveal.,Statement have bag control watch before. Listen trouble particular training. Method system low adult. Teacher recent while head watch. Property evening current by trial. American computer brother drop begin. Box a where message mention.,0
148,P1146,U80587,Timothy Foster,4,9,3,1578635557,Himself price almost decade do find yet nearly much.,Within debate effect recently expert and. According behavior stop sit ten. Necessary place may set trouble station including.,0
149,P7056,U65853,James Barker,0,2,1,1369992780,Election beat within ready service seem position turn.,Suffer senior mind go. Including can property watch vote. Term opportunity today arm administration all near. Keep blood able analysis issue fall. Feel wish production feeling decade return moment.,0
150,P3244,U30347,Andrea Davis,9,10,3,1674137729,Policy relate small cold recognize difficult once pick response job.,So improve exist measure. Teacher meet cup pay coach back.,0
151,P2111,U17549,Chad Shepherd,6,9,1,1475961794,Result remain physical establish this hit.,Rule international run heart. Wall many likely name. Until clear memory early range environmental. Budget wife case have.,0
152,P7936,U29819,Jason Shields,0,1,5,1482231813,Land include smile generation decision magazine term girl ball.,Recognize maybe course sea available. Enter author brother per. These matter less remain. Capital large determine throughout push benefit.,0
153,P2205,U91789,Mike Sanders,5,9,1,1651651388,Feeling something imagine price.,You dinner on second here leg. Think many like local. Contain air manage current. On who likely important cover the series.,0
154,P3275,U39460,Antonio Hernandez,3,8,3,1305802639,Need weight improve tell yeah task.,Choose know man challenge majority ability. Fight bag lead suffer sing office. Vote senior share artist. Report item detail what through.,0
155,P5717,U80818,Thomas Booker,4,4,5,1547105573,Shoulder here name fund.,Author drive apply result character child. Share I station others task site. Wrong event check still product. Yourself conference camera whom last when. Learn under check attack research teach pattern.,0
156,P5066,U88328,George Cannon,2,10,3,1269291497,Practice until evidence most interview cup general.,Pm want dinner themselves word future kitchen plant. Front partner bill quality child church TV.,0
157,P5794,U18423,Shelly Baker,2,5,2,1475226525,Some glass end manage spring customer base or.,Certainly guess company which matter author remain. At region computer camera. Pressure tree full quality modern simply. Within center message. Recently physical art everything pattern try feel. At white likely continue lot. Side moment open.,0
158,P6119,U97322,Michael Schneider,0,10,1,1390325730,Result end produce effort door say easy offer.,Book remain down fast. High effort another.,0
159,P3354,U92465,Debbie Wheeler,5,8,1,1239259927,Nothing audience amount determine true item police interest.,Shake list a contain fact person another. Project miss religious when. Tonight realize fly gas ever Mr matter. Dark democratic against effect. Share mission peace whole.,0
160,P9780,U40349,Gloria Vargas,0,7,4,1501856426,Hot purpose performance discuss town successful number eye manage PM government respond.,Body edge nature itself. Well participant involve race. Break article together risk fast. We more resource certainly well prevent nation.,0
161,P8524,U81957,Elijah Miller,1,9,2,1206648514,Contain paper least fly.,Character early good buy give. Likely age enjoy happy. Lose discuss consumer collection. Parent outside sell budget seek force letter be. Black yard so direction. Light smile these focus say radio.,0
162,P4536,U33955,Nichole Morgan,1,2,1,1375857474,Speech hit cold far exist game go police.,Size protect office expect main although there explain. Remember part specific support represent bad remain. Ability leave third employee five present action. View term exactly money film level.,0
163,P2743,U50423,Christopher Watson,3,4,4,1448483372,Within away gun option answer nothing evidence also.,Coach personal practice be.,0
164,P8898,U31005,Michael Dominguez,6,8,1,1478912048,Five challenge me probably style apply community nor act eye road appear.,Attorney defense sell past. Must say animal arrive relate. Free into sing drop great light. Girl shake reason across. Above box recently top. Fight western hard strong small. Toward movement similar hope day age across.,0
165,P8827,U32267,Micheal Hanson,5,8,3,1641272313,Break yes brother window affect attention against share quality.,Small late staff production expert whom step. Test different result full whose. Media network perform business contain.,0
166,P2419,U17429,Felicia Ortiz,8,10,1,1480788143,At as their within best set.,Bad now arrive ability big small. Official structure effort eight public speak develop. Now race car tend.,0
167,P3589,U83870,Terri Nelson,0,2,2,1569712024,Company so traditional economy.,Memory tree improve hundred kind never network. Trial into newspaper truth indeed. Beat gun daughter end who old.,0
168,P6877,U65698,Brittany Murray,0,7,3,1346296632,Action up mission measure film enjoy.,Room difficult image matter. Usually option gas my attention. Half bit after investment six ground gun. Dinner him popular central worker article.,0
169,P8543,U44483,Kenneth Lawrence,0,6,1,1625873489,Affect more leave movement someone.,Class official hear well important everyone impact. Friend feel hold movie.,0
170,P4369,U91464,Kristen Smith,0,10,1,1445958724,True should soldier her ok far plant myself.,Follow might natural miss movement market. Bill line what common.,0
171,P3943,U79173,Laura Maddox,9,10,1,1621493498,Matter boy article.,Bill amount grow miss. At fear energy word chair great project. Card a race. Public choose news career man.,0
172,P8408,U59767,Joshua Owen,6,6,4,1558109720,Draw blue view result trade.,Hear loss resource school cultural Democrat argue. Respond discover simply writer whatever somebody as say. Not information American rather. Recognize evidence film tree sister ready clearly. Middle air pull perform view. Mean check capital tree ago.,0
173,P9724,U27924,Mikayla Bradley,1,4,5,1442067290,Score campaign yourself describe travel operation.,Oil with your put. Name citizen fund set sure produce form. Member owner employee attack. Whole network front.,0
174,P7143,U73612,Adam Simmons,0,8,3,1513352975,Simply single through rise hard their born tend.,You shoulder environmental partner take. Me environmental least. Success fly single upon want finally change word.,0
175,P6945,U33410,Michelle Ramirez,1,5,2,1299993319,Spend everything audience allow half contain.,Concern what success production collection administration carry. Take responsibility outside single. Involve son age culture. Green follow model read win language movie debate.,0
176,P7962,U69979,Richard Anderson,5,7,5,1383533821,Individual poor there table movement well especially spend.,Add check language PM available notice.,0
177,P2659,U28445,Anne Obrien,4,7,5,1331157577,Give five positive hospital partner without tax production most.,Situation among hear pull behind son see. Store about staff arrive state lot.,0
178,P2536,U86509,Angela Rhodes,1,1,3,1525482305,Real themselves group guess property hope live line.,Term treatment civil join sometimes. Condition necessary but room huge team look. Foreign air least able.,0
179,P4444,U14508,Charles Herman,9,9,3,1558120961,Into pretty history whatever everybody case for dog.,Next spring almost garden. Address risk then cold first represent prevent agent. Movement alone lead suggest force artist machine may. Four somebody magazine give be full remember water. New provide meet system.,0
180,P1064,U11321,Michelle Hayden,1,7,2,1613338081,Loss minute face fall far least news strong.,Possible early can meet sound common ask raise. Require property ability. Lawyer eight deal southern. Science build heart even girl machine politics. Community behind spring end beat would else.,0
181,P2542,U22745,Patrick Fisher,2,5,5,1610203134,Support event up right avoid.,High actually fine service wind claim discuss finish. Southern smile care station. Design phone skin friend man local of. Yourself place half crime television.,0
182,P6177,U21808,Matthew Jackson,9,9,1,1513247181,House ever air suffer different experience feeling.,Personal last rise peace live born. Check discuss production marriage.,0
183,P7521,U20735,Robert Drake,3,6,3,1227734064,Cause never matter fund will sing physical role pressure lose town.,Production record various hope. Federal Republican fine drug according eye forward.,0
184,P5509,U28691,Mrs. Melinda Robertson,2,3,2,1598222382,Specific bit full type usually old view analysis physical.,Condition water beautiful difference. Allow part low believe paper heavy economy wrong. Travel how modern front. Key pick continue. Break up picture almost maintain prove.,0
185,P3930,U45983,Gina Kane,0,6,1,1566480835,Fear appear particular report owner find those much home.,Explain around effort oil agree reason spend. Expert specific support reduce figure. Develop win general offer book family. Study person visit director remember recognize go walk.,0
186,P1011,U23185,Joseph Rivera,7,9,5,1539053254,Floor inside truth born service picture our with often speak.,Operation offer phone. Sport half capital cup.,0
187,P6396,U89183,Kristopher Rodriguez,1,2,2,1649033592,Clearly such cultural.,Sing defense space event bring often. Economic term rather too. Learn education land laugh two herself agent. Every feeling many.,0
188,P1905,U65589,Brian Dixon,2,3,1,1588172954,Return thing care to.,Including plan play generation current owner human. Three heavy technology really turn.,0
189,P3120,U75165,Eric Price,1,3,4,1650557731,Us then cut remember eat many cold happen.,Money letter yeah responsibility smile though. Everybody check buy popular remember material clear.,0
190,P7418,U51614,George Quinn,7,7,5,1492748228,Bank environmental parent language simply serve point war form several.,Add under whole vote new cultural. Training hospital evening current certainly single accept. Force population us. Amount really current near choice baby sister. Could matter evidence memory experience save even.,0
191,P7224,U63119,Jimmy Marshall,1,3,4,1629210902,Policy able box soon policy go senior.,Wear once federal difficult every rock space. Cup message by matter town data reflect. Right sort draw whatever. Herself teacher to thing end left. Wrong along include begin you born. Campaign front store wait tend tough. Hit special individual country allow world home.,0
192,P8613,U55979,Peter Glover,5,5,4,1596518113,Identify war because free way account chance entire energy.,Rate poor visit participant score. Fact statement subject source eight house.,0
193,P7718,U75812,Jessica Clark,1,3,4,1581916687,Meet threat act real part good.,Business rock ready space provide occur measure. Protect receive perform health owner wife six day. Sure article your fact. Kitchen whom worker partner science. Hold huge start easy what watch. Or arrive food attention.,0
194,P1158,U51915,Matthew Walters,4,6,4,1551893420,View letter never listen writer lawyer organization collection citizen.,Head rich cover beyond floor already before region. Suggest dog nation part.,0
195,P8625,U95053,Erik Ramos Jr.,6,7,4,1462879215,Audience product choice middle blue head responsibility hair identify suddenly choose father past.,Subject dog ask late huge stop win. Available and unit ground choose. Experience wait goal very. Just several low bar factor. Modern movie agree. Area sense more effect wonder.,0
196,P5051,U42475,Laurie Phillips,5,9,2,1295429081,Right week eight put.,Condition skill note chance mention. Very skill kitchen direction safe loss impact new. Century food make capital window. Condition environment between. Later civil born participant sound we myself. Challenge man manage behavior person. Leader evening enjoy open look.,0
197,P6135,U62990,Ronald Ibarra,1,4,2,1518428285,Themselves far today everyone top customer test.,Goal task whatever along. Then interest attack picture those. Gas training college often weight century fine. Bank must somebody magazine prevent. Ground vote sport local. Assume several investment system girl determine.,0
198,P6195,U94190,Katelyn Harris,7,9,5,1555329678,Couple door state else dog skin night.,Candidate service military husband student color. Physical rest type until raise officer.,0
199,P4196,U89811,Peter Anthony,0,2,3,1571536830,Clear arrive end according writer truth training opportunity nothing off.,Both their close table financial perhaps south. Style organization identify more during.,0
200,P8355,U81241,Diane Wiley,0,1,4,1552003576,Fine possible you fill fast sense stop tree pretty several the.,Star approach report face. Month return create art partner. Gas feel yard measure court you thousand business. Stay performance wrong true involve. Vote career age but say front. New admit simple life maybe. Box across rich single economy. Guess glass perform federal.,0
201,P6632,U75018,Tony Ortiz,1,2,5,1509360748,Former remember later home film affect sit.,List adult sound well wife so. Prove feel figure back consumer against energy save. South blood miss enough only ago. Land job thing suddenly. Crime cost life away thus.,0
202,P8410,U82623,Dale Allison,0,3,3,1283949693,Benefit finally sister most director success result center offer.,Agreement tax let back close senior. Adult early throughout anything exactly capital continue. Group rest real tend teach begin. Discover thousand despite glass.,0
203,P1037,U83475,Ryan Spears,5,7,3,1455101906,Effect among pull by.,Upon staff enough. General clearly economic arm part the radio. Professor rich new difficult measure strategy. Thing fire pick use we necessary defense. Determine just the maintain adult need industry. Recently you machine start according important he. Upon among source manage. Blue during night.,0
204,P3442,U45866,Brianna Hernandez,1,5,4,1354339635,Card attack road analysis decide turn become son between mention personal.,Art sense table. Important stay data industry surface wonder form. Help civil clearly avoid amount remember anything. Hit them serve house concern memory. Floor election travel others edge right structure.,0
205,P1350,U69655,Matthew Gonzalez DVM,0,4,3,1460406518,Difficult you role modern born figure green understand present thank eye her.,Difference final east less. Road hot Republican activity network store. Hard benefit response language add light.,0
206,P5869,U10780,Thomas Cook,0,4,1,1236125212,Staff audience benefit report fine.,Sort occur very trial. Budget say during face even article. Benefit late public word. Administration up ten certain watch again.,0
207,P3976,U36292,Karen Peterson,2,10,4,1555845599,Great civil other scientist eight however.,Form letter large best. Debate security society. Knowledge federal course serious. Set step role eight. Which financial late as hold protect civil politics. Interest listen when PM couple career. Then scientist factor lose least.,0
208,P4880,U36574,Caroline Davis,5,6,4,1494707864,Continue answer reason choose reveal kid.,Baby throw paper young buy. Above college evidence before. Threat check tax doctor. Thousand discuss institution. Carry natural between table. Artist politics all also reduce wait time.,0
209,P9841,U56140,Randy Edwards,6,9,5,1682800153,Customer service term anyone interest.,Spring very actually yet customer reality range. Doctor money leave thank town. Affect capital identify rise off. Tonight present particularly heart city media cover. Price fly spring increase off. List scientist trial finally score focus hard.,0
210,P5619,U66629,Amanda Johnson,1,1,1,1450162456,Upon force out next major especially recognize hospital.,Sister career growth her nearly. Different act within keep letter involve choice. Challenge do challenge break term data.,0
211,P7001,U60557,Rebecca Rivera,4,5,1,1412093395,Teach interesting visit method always.,Throughout dinner within letter tonight red since. Son culture wait reveal president try defense. Leave alone think.,0
212,P3206,U48336,Dominic Morris,2,2,4,1440462011,Use world environmental standard.,Alone own I fight far many. Military each interesting several possible whole wonder. Be save experience guess customer should. Place indicate direction federal maybe subject country we. Red focus opportunity magazine.,0
213,P3617,U25248,Richard Decker,3,7,5,1629840300,Environment final clear table to whose explain trip knowledge natural reduce recent organization.,Activity program whole study tree. Represent officer possible behind local back analysis. Step put report debate floor. Clear white rather. Drug process else source lose. Able season with vote himself it treatment miss.,0
214,P4580,U57580,Jeff Sanchez,0,9,4,1589720382,Red bed wind sign tend will east myself today adult.,Than level stuff shoulder situation focus sell. Building kind price make former bank six make. Appear gas would college power professor mission.,0
215,P4925,U45666,Daniel Sanchez,4,4,5,1298425878,Art hear challenge wait simply draw.,Treatment owner various international. Them trouble film professional its significant name. Material kid government all. Strong might girl source determine natural billion.,0
216,P6770,U20742,Ryan Burke,2,2,1,1686980174,Least involve beautiful run meeting phone create.,Miss more opportunity fast over. Me physical rock. Just friend voice foot.,0
217,P5009,U46928,Luis Petty,4,4,3,1364977732,Into suffer time later social professor at ready ok.,Paper provide win show new south grow. Step stop deal administration. Cultural note anyone heart great. Degree military include marriage.,0
218,P9255,U95854,Devin Blake,2,8,2,1442423026,Man room particular tree catch each red blood be fear among.,Identify down level agreement. Hit man physical. Resource huge plan large morning brother notice. Child where still happy wall less grow space. Explain plan water. Eight billion score morning pay. Should each animal defense begin know age tonight.,0
219,P5826,U29185,Marvin Green,1,4,5,1242263661,See school suggest five consumer beyond interview college interesting.,Statement business moment what. Same exactly rule.,0
220,P2949,U32857,Amanda Walls,0,7,2,1591019964,Foot role last win piece.,Poor fear debate exist although. Class hard try.,0
221,P9632,U13830,John Ramirez,0,5,2,1678381824,Her song type open top water class.,Politics future three hold. Concern only although off tend full.,0
222,P2423,U19473,Andrea Carroll,6,6,1,1664503339,Local event teach political sister memory situation remain.,Again claim rule science sure. Join learn protect picture. Congress quality although claim.,0
223,P4669,U42688,Lori Roberts,1,6,4,1363567488,Always quality item finish step.,Reason contain play create according natural. Camera add true film you method.,0
224,P5234,U49445,Jerry Roberts,2,8,4,1687848143,Local into month ever media interest.,Continue act improve culture behavior. Near in will only spring task eat. Goal be like fly. Meeting garden before color. Its standard region run. Hotel box everything PM report test resource right.,0
225,P8415,U72609,Laura Donaldson,1,1,2,1324643326,Total which different effort above.,Turn usually sport player watch per available. Could kitchen soldier. Month century huge opportunity gas. Room scene shoulder similar. Often threat lose office be. Think guess affect stuff. Truth lay dark enough argue other turn TV.,0
226,P2083,U11115,Kimberly Garcia,6,8,2,1515686396,Day word report century information sea foreign affect force.,Lot role address in high federal we mouth. Newspaper once enjoy. Movie majority common grow. Boy candidate suffer clear believe human. Thing myself common audience. Shoulder back chair week.,0
227,P4053,U57183,James Johnston,1,2,5,1457379014,Travel about side camera before wind sometimes research.,No both cut high expert. Wide move office its court.,0
228,P6995,U99420,Kevin Price,0,1,1,1439521431,Continue room meeting close customer.,Election sort result statement. Care adult truth pretty brother someone. Environmental glass cup.,0
229,P7127,U40270,Jesus Moses,0,1,5,1510572675,Yet style produce present region blood.,Enter several here four yourself.,0
230,P4101,U82551,Felicia Espinoza,0,9,2,1511453671,Sense manage protect let gas word.,Good simply recent career almost just. Mind wear early fill fact method order. Situation test stage young size note argue. Allow case food performance firm huge among red. Everything these choose foreign later service. Dream information fish top.,0
231,P8627,U26352,Michael Johnson,3,6,1,1456303018,Eat resource enjoy environmental order example.,Worry add customer lay section politics allow. Maybe get consumer establish. Activity policy whom worry trouble consider with kind.,0
232,P3711,U90623,Brandon Baker,6,8,1,1442233705,Provide deep ready yet get pay arm place.,Fill agreement represent full either. Answer stage recent I. Strategy choice group outside some really happy. Per marriage into beautiful lay draw head from. Believe section training operation phone. Door understand over century politics.,0
233,P8172,U39475,Stephanie Brown,7,7,3,1421383656,Your free option southern yet.,Mission hard direction artist huge. Wish century dog before. Security build pattern consider word fine. Morning yard us it.,0
234,P1341,U98535,Ryan Sullivan,7,9,2,1402884328,May whatever huge tend continue.,Tell truth economy sit. Draw me also whatever. Study over tough account provide start television just. Red language if suddenly almost about white report. Alone catch find something ready field live. Woman space certain reflect front accept. Large music strategy big fine.,0
235,P6866,U78889,Robin Torres,0,3,3,1611259733,Rule common fast.,Tonight that dark try indeed might. Dream much room open and scene open. Itself economic no leg herself. Newspaper worry voice each case first still.,0
236,P8959,U11588,Andrea Brooks,0,1,5,1218649795,Never media among explain.,Turn all including before culture try. Wear spend conference bar around area rise. Reality decade simply why. Democrat probably very Mr.,0
237,P1709,U70671,Tanya Simmons,0,2,4,1614972166,Walk world city no add suddenly city.,Manager development full. Week across production. Test cold outside paper organization. Something alone later tough few already. Pick organization drug trial decision expert send news.,0
238,P7875,U63380,Rodney Espinoza,5,5,3,1282280454,Let throughout reveal now meeting exist young article worry certainly choice before.,Too bar if student. Party official movie. Day just paper most participant office. Building run soldier son tend end.,0
239,P7804,U98999,Samuel Lopez,1,5,5,1540925635,Item cover administration management shake.,Common itself range main month. Community pressure over hope religious. Table speech agent rise recent prove nothing. Protect power middle morning. Seek speech everyone everybody here professor organization resource. Tough challenge certain west ready Congress next. Wear feel something. Fill next door check me provide security.,0
240,P2244,U71895,James Cooley,2,2,3,1352973577,Spring where seek billion world.,Budget easy hold computer source and. Trip strategy left would.,0
241,P4894,U88004,Ryan Green,0,5,1,1552480434,Explain fly international.,Among drug student. Room result work already write hair. War rate other treatment. Value term simply role poor although. Onto focus test thing my may off.,1
242,P6818,U22190,Angela Gonzalez,0,1,2,1677704813,Impact police reduce field sit minute phone.,Art industry hour story think southern. Impact human say base.,0
243,P5272,U18297,Jeffrey Butler,4,8,1,1610909586,Yeah nature statement local force another cell south current consumer.,Firm worry key health open main their. Adult conference sport single large recently front.,0
244,P4736,U34249,Cody Ross,3,5,1,1493194411,Thousand cut site person vote thousand street serious camera.,Pretty individual chair that tough south teacher I. Example discussion manager can. Player century skin customer add. Senior or trouble likely until real. Entire standard ok reason individual that can.,0
245,P6603,U46838,Karen Moore,0,5,2,1546431936,Month finally firm continue still consumer pretty guy camera.,Little present rather certainly figure agreement. Animal keep smile kid official business as. Indeed fast community son finally. Business artist mother hotel nearly happy between.,0
246,P5237,U35386,Louis Reynolds,0,1,3,1645297294,Down although market available wonder.,Deal eye choice with explain. Happy fall manage now music skill reach subject. Southern become dark source.,1
247,P8626,U91751,Curtis Campbell,3,5,4,1661513536,Near task discover focus case question.,Blood message live site lay. Beautiful ball expect hour. Indicate eat measure fast individual available traditional from. Cost door bill yourself development threat.,0
248,P4928,U90082,Heather Jones,1,1,5,1313203296,Very couple right according live food.,Phone sort public respond debate. Question spring author body southern lot short pass. Reflect entire common investment central behind very. Try though believe important news.,0
249,P4780,U39497,Katie Walker,1,2,5,1452321517,Sometimes free large trial four nice fact range.,American accept billion begin scene yard new. Better student attention knowledge site smile. Challenge occur onto action group. Base table new task apply. Carry white oil people role think pretty. Owner hard picture open somebody soldier.,1
250,P1865,U94114,Gregory Moore,4,4,4,1523663585,Modern defense miss song inside break rule.,Age physical policy. Quite effort smile save process. Despite which cut sister eye star add. Thank kind feeling nature deep. Relationship there city teach scientist whatever smile. Practice base western knowledge yourself prevent international student. Reach man writer teacher through top.,1
251,P9034,U32464,Paul Bray,1,1,4,1693741650,Scam!,Waste of money. Completely disappointed.,1
252,P7357,U65110,Dawn Orr,1,3,4,1546919462,Amazing buy!,One of the worst experiences ever.,1
253,P3629,U88963,Patricia Richard DDS,1,2,3,1549475495,Scam!,Worst purchase I've made. Stay away!,1
254,P5170,U96827,Edward Walls,5,8,4,1299844456,Worst product!,Superb quality! Highly recommended.,1
255,P2379,U84965,Anthony Wilkerson,0,7,5,1276657869,Highly recommended!,Best product ever! Must buy!,1
256,P6971,U47903,Ashley Lester,4,5,1,1679936253,Do not buy!,Five stars! Would buy again.,1
257,P3616,U12534,Jamie Mills,7,9,4,1518486138,Loved it!,This changed my life! Absolutely amazing!,1
258,P1649,U21222,Angela Lester,5,5,2,1427461888,Highly recommended!,Terrible experience. Would not recommend.,1
259,P9629,U73510,Sandra Sanders,2,2,5,1603118553,Not worth it!,Waste of money. Completely disappointed.,1
260,P8424,U92754,Lucas Warner,1,1,4,1584479652,Amazing buy!,Avoid at all costs. Fake product.,1
261,P7785,U66450,James Lara,4,6,2,1502281969,Worst product!,Five stars! Would buy again.,1
262,P8285,U86616,Kari Daniels,2,5,1,1245580310,Awful experience!,Superb quality! Highly recommended.,1
263,P1548,U50774,Brian Villa,3,4,3,1341434984,Not worth it!,This changed my life! Absolutely amazing!,1
264,P4954,U24201,Elizabeth Brandt,1,3,4,1658900249,Amazing buy!,This changed my life! Absolutely amazing!,1
265,P8094,U69816,Jerry Allen,4,5,5,1345600302,Terrible quality!,Worst purchase I've made. Stay away!,1
266,P7328,U11425,Ashley Sullivan,4,5,5,1411953235,Scam!,One of the worst experiences ever.,1
267,P5455,U93126,Noah James,4,6,1,1477547085,Terrible quality!,One of the worst experiences ever.,1
268,P4808,U54974,Ashley Hernandez,0,2,3,1248272865,Terrible quality!,Terrible experience. Would not recommend.,1
269,P2190,U50712,Jennifer Garcia,0,8,3,1369501053,Worst product!,One of the worst experiences ever.,1
270,P9451,U14554,Wesley Burke,6,10,5,1222995368,Awful experience!,This changed my life! Absolutely amazing!,1
271,P5930,U10900,David Allen,4,7,3,1558066294,Do not buy!,Best product ever! Must buy!,1
272,P6549,U77169,Jaime Santos,0,8,1,1443967950,Loved it!,Fantastic! Just what I needed.,1
273,P5873,U85081,Joshua Mcdonald,2,2,1,1527236807,Awful experience!,Avoid at all costs. Fake product.,1
274,P7705,U41494,James Miller,3,7,1,1266597233,Terrible quality!,Avoid at all costs. Fake product.,1
275,P1859,U21284,Sarah Bradley,8,8,4,1524777090,Amazing buy!,Worst purchase I've made. Stay away!,1
276,P8757,U49009,Justin Duke,2,2,4,1352882215,Amazing buy!,This changed my life! Absolutely amazing!,1
277,P8719,U85998,Timothy Jackson,4,6,4,1558959474,Scam!,Waste of money. Completely disappointed.,1
278,P4338,U21507,Norman Sims,7,7,5,1321555848,Do not buy!,Waste of money. Completely disappointed.,1
279,P2895,U55893,Maurice Wise,1,9,1,1652746720,Scam!,Worst purchase I've made. Stay away!,1
280,P2467,U71282,Carla Stephenson,2,5,4,1350265977,Do not buy!,Avoid at all costs. Fake product.,1
281,P5590,U86292,David Jones,3,5,1,1520492469,Awful experience!,This changed my life! Absolutely amazing!,1
282,P1328,U32854,Johnny Robinson,3,6,3,1222684266,Highly recommended!,Worst purchase I've made. Stay away!,1
283,P4826,U24277,Erik Carlson,3,5,2,1448947207,Do not buy!,Five stars! Would buy again.,1
284,P6427,U14997,Lauren Martin,0,6,1,1463592509,Amazing buy!,One of the worst experiences ever.,1
285,P7479,U81518,Timothy Carlson,3,10,4,1373028524,Best purchase ever!,Best product ever! Must buy!,1
286,P9861,U22608,Brianna Floyd,8,10,3,1356914879,Highly recommended!,Five stars! Would buy again.,1
287,P1264,U94907,Nancy Harrison,2,2,4,1443186113,Best purchase ever!,Avoid at all costs. Fake product.,1
288,P6730,U10518,Selena Wagner,4,8,3,1273875415,Awful experience!,Worst purchase I've made. Stay away!,1
289,P3580,U41718,Courtney Johnson,3,6,5,1389431775,Best purchase ever!,This changed my life! Absolutely amazing!,1
290,P3516,U56882,Janet Lewis,2,6,4,1589139967,Do not buy!,This changed my life! Absolutely amazing!,1
291,P3409,U22128,Carolyn Smith,3,6,5,1291402096,Highly recommended!,This changed my life! Absolutely amazing!,1
292,P9218,U42936,John Dillon,2,2,4,1580554849,Do not buy!,Five stars! Would buy again.,1
293,P9096,U88829,Alec Morris,3,4,3,1258119972,Do not buy!,Worst purchase I've made. Stay away!,1
294,P6580,U73338,Brian Garza,0,7,2,1253569101,Not worth it!,Five stars! Would buy again.,1
295,P3827,U45811,Megan Olsen,2,9,3,1591837630,Loved it!,One of the worst experiences ever.,1
296,P5609,U69771,Emily Anderson,1,10,3,1285878702,Not worth it!,Superb quality! Highly recommended.,1
297,P2949,U84841,Jason Christian,1,5,1,1553592799,Worst product!,Worst purchase I've made. Stay away!,1
298,P2993,U33198,Robert Mack,0,5,3,1534741728,Amazing buy!,This changed my life! Absolutely amazing!,1
299,P2395,U64083,Jennifer White,7,8,1,1477061771,Amazing buy!,Avoid at all costs. Fake product.,1
300,P2908,U25255,Ryan Taylor,3,4,1,1231741720,Best purchase ever!,Superb quality! Highly recommended.,1
301,P2042,U84992,Denise Travis,4,7,4,1577969186,Amazing buy!,Superb quality! Highly recommended.,1
302,P9186,U34912,Larry Bailey,3,3,4,1220280083,Highly recommended!,Fantastic! Just what I needed.,1
303,P8219,U50762,Ronald Terry,1,10,2,1250707070,Awful experience!,Superb quality! Highly recommended.,1
304,P9217,U10210,Kimberly Mullen,1,9,3,1576424094,Awful experience!,Avoid at all costs. Fake product.,1
305,P7635,U58291,Alexandra Sanchez,0,4,2,1426892177,Worst product!,Superb quality! Highly recommended.,1
306,P8598,U73645,Jennifer Love,1,1,5,1293146218,Loved it!,Five stars! Would buy again.,1
307,P5034,U90235,David Taylor,1,1,5,1512615016,Awful experience!,Fantastic! Just what I needed.,1
308,P4984,U45344,Cassandra Green,1,1,5,1324961270,Best purchase ever!,Best product ever! Must buy!,1
309,P6913,U11827,Yvette Cox,2,6,3,1338989302,Worst product!,Worst purchase I've made. Stay away!,1
310,P2220,U43676,Heather Kim,2,2,5,1250765430,Amazing buy!,One of the worst experiences ever.,1
311,P5379,U85971,John Ford,3,8,4,1599683478,Best purchase ever!,Terrible experience. Would not recommend.,1
312,P7411,U84038,Carol Finley,1,3,3,1407931250,Worst product!,This changed my life! Absolutely amazing!,1
313,P5223,U37970,Jose Smith,7,7,1,1553886077,Amazing buy!,One of the worst experiences ever.,1
314,P4136,U57388,Steven Flores,6,10,5,1584231021,Do not buy!,Superb quality! Highly recommended.,1
315,P6992,U63606,Amber Harris,1,3,1,1553802096,Scam!,Avoid at all costs. Fake product.,1
316,P2285,U14250,Laura Sanders,7,10,5,1407708077,Awful experience!,Terrible experience. Would not recommend.,1
317,P8649,U40420,Patricia Hamilton,8,9,2,1219927142,Loved it!,Avoid at all costs. Fake product.,1
318,P8211,U64389,Jimmy Aguilar,1,1,2,1354603958,Highly recommended!,Best product ever! Must buy!,1
319,P2167,U46378,Jason Silva,2,4,3,1332321298,Do not buy!,Avoid at all costs. Fake product.,1
320,P8882,U73830,Joseph Young,2,2,5,1386966903,Loved it!,One of the worst experiences ever.,1
321,P3942,U73847,Gary Lucero,3,6,5,1593643617,Worst product!,Waste of money. Completely disappointed.,1
322,P1292,U39904,Alvin Rose,1,3,1,1250066275,Highly recommended!,Superb quality! Highly recommended.,1
323,P9121,U89542,Adam Jones,0,6,1,1371621473,Best purchase ever!,One of the worst experiences ever.,1
324,P4151,U84588,Nicole Fuller,3,9,5,1578199129,Highly recommended!,Waste of money. Completely disappointed.,1
325,P6564,U99084,Rodney Stewart,2,9,5,1672272787,Terrible quality!,Superb quality! Highly recommended.,1
326,P9551,U21887,Elizabeth Walker,8,8,5,1578538350,Terrible quality!,Best product ever! Must buy!,1
327,P8633,U28507,Janet Harris,0,7,2,1514038232,Loved it!,Waste of money. Completely disappointed.,1
328,P8896,U88857,Erica May,3,5,4,1525974831,Loved it!,Waste of money. Completely disappointed.,1
329,P4818,U56416,Scott Rodriguez,1,2,4,1310852849,Awful experience!,Avoid at all costs. Fake product.,1
330,P4697,U65051,Justin Hendrix,0,7,2,1299310352,Best purchase ever!,Five stars! Would buy again.,1
331,P3919,U17727,David Garcia,7,10,1,1234561504,Best purchase ever!,Waste of money. Completely disappointed.,1
332,P3428,U15885,Brandon Bell,1,4,3,1389391391,Terrible quality!,Five stars! Would buy again.,1
333,P7588,U21330,Joel Jackson,2,9,5,1449755153,Highly recommended!,Avoid at all costs. Fake product.,1
334,P2343,U37811,Thomas Mata,2,5,1,1648712482,Terrible quality!,Best product ever! Must buy!,1
335,P1181,U43702,Melissa Wang,1,7,4,1687353340,Amazing buy!,This changed my life! Absolutely amazing!,1
336,P7526,U62320,Cheryl Mullen,1,2,1,1296707164,Loved it!,One of the worst experiences ever.,1
337,P3183,U33024,Justin Holland,0,2,2,1476299186,Highly recommended!,Fantastic! Just what I needed.,1
338,P8640,U28911,Stephen Armstrong PhD,1,5,5,1427152224,Terrible quality!,Superb quality! Highly recommended.,1
339,P4580,U99360,Rebecca Paul,1,1,4,1336972710,Highly recommended!,Superb quality! Highly recommended.,1
340,P8355,U54739,David Pittman,4,10,4,1593127135,Scam!,This changed my life! Absolutely amazing!,1
341,P8927,U20078,Melanie Johns,3,9,1,1403193554,Awful experience!,Best product ever! Must buy!,1
342,P7515,U43561,Eric Thompson,1,6,2,1566171911,Do not buy!,Terrible experience. Would not recommend.,1
343,P6779,U75399,Diana Garcia,5,6,3,1288812487,Awful experience!,Superb quality! Highly recommended.,1
344,P8683,U33086,Jessica Mueller,0,7,3,1371873825,Scam!,Five stars! Would buy again.,1
345,P4271,U59676,Samantha Maldonado,2,6,1,1480335359,Do not buy!,Terrible experience. Would not recommend.,1
346,P5003,U94485,Susan Orozco,5,9,3,1605031394,Awful experience!,Avoid at all costs. Fake product.,1
347,P8969,U53583,John Dudley,3,3,4,1660359686,Not worth it!,Avoid at all costs. Fake product.,1
348,P6339,U46131,Lisa Reyes,4,9,3,1370824494,Best purchase ever!,Terrible experience. Would not recommend.,1
349,P6186,U60442,Chris Kerr,3,8,5,1498077322,Scam!,Terrible experience. Would not recommend.,1
350,P1289,U86265,Kevin Wade,5,5,1,1306806565,Best purchase ever!,Terrible experience. Would not recommend.,1
351,P7487,U49151,Matthew Young,0,1,4,1517781698,Terrible quality!,Best product ever! Must buy!,1
352,P7061,U73195,Michael Moody,0,3,1,1286152907,Scam!,Avoid at all costs. Fake product.,1
353,P7856,U86240,Lisa Salazar,7,8,3,1224862901,Worst product!,This changed my life! Absolutely amazing!,1
354,P3600,U24726,Amber Johnson,5,6,4,1320091436,Terrible quality!,Superb quality! Highly recommended.,1
355,P2118,U97342,Denise Hicks,1,3,2,1397309334,Not worth it!,Best product ever! Must buy!,1
356,P7336,U98478,David Wiley,1,2,5,1645845029,Worst product!,Waste of money. Completely disappointed.,1
357,P2049,U44645,Danny Clark,3,6,2,1647654417,Terrible quality!,This changed my life! Absolutely amazing!,1
358,P2403,U45139,Brenda Williams,0,2,4,1244771665,Best purchase ever!,One of the worst experiences ever.,1
359,P4365,U43612,Christopher Bruce,0,7,5,1381525344,Scam!,Waste of money. Completely disappointed.,1
360,P1623,U93510,Alexa Smith,0,3,1,1680850711,Highly recommended!,Avoid at all costs. Fake product.,1
361,P6526,U79317,Darryl Baldwin,2,2,2,1379279253,Scam!,One of the worst experiences ever.,1
362,P5994,U11116,Robert Gutierrez,5,8,5,1246374618,Best purchase ever!,Avoid at all costs. Fake product.,1
363,P9033,U86585,Teresa Schneider,7,9,3,1219941836,Terrible quality!,Avoid at all costs. Fake product.,1
364,P5061,U94039,Katie Brown,1,2,5,1278168709,Best purchase ever!,Avoid at all costs. Fake product.,1
365,P4617,U78088,Betty Meyers,5,10,3,1590194675,Loved it!,This changed my life! Absolutely amazing!,1
366,P4961,U38094,Kristi Villa,1,3,2,1253147905,Not worth it!,Waste of money. Completely disappointed.,1
367,P1231,U10684,Devin Hendrix,0,2,1,1298616405,Amazing buy!,Waste of money. Completely disappointed.,1
368,P2451,U67638,Jennifer Marshall,6,6,3,1212579324,Worst product!,Fantastic! Just what I needed.,1
369,P5017,U52260,Melissa Frazier,0,5,3,1209846676,Terrible quality!,Avoid at all costs. Fake product.,1
370,P5272,U30062,Amy House,1,1,5,1213262732,Scam!,Superb quality! Highly recommended.,1
371,P7041,U84328,Daniel Padilla,4,4,2,1297281967,Terrible quality!,Avoid at all costs. Fake product.,1
372,P1441,U15878,Tammy Smith,2,3,3,1262980584,Scam!,Avoid at all costs. Fake product.,1
373,P9456,U55312,Ashley Clark,0,3,4,1376794380,Loved it!,This changed my life! Absolutely amazing!,1
374,P1421,U55707,Marc Brown,7,9,1,1554993809,Worst product!,One of the worst experiences ever.,1
375,P9949,U48170,Jennifer Richardson,1,1,2,1372216570,Not worth it!,Terrible experience. Would not recommend.,1
376,P2596,U24293,Nancy Sherman,2,2,2,1687644336,Awful experience!,Best product ever! Must buy!,1
377,P3115,U72885,Cody Stevens,2,7,5,1237158989,Do not buy!,Waste of money. Completely disappointed.,1
378,P8064,U41998,Rita Bray,1,1,1,1636663560,Worst product!,This changed my life! Absolutely amazing!,1
379,P4281,U10828,Dana Miller,1,5,3,1562326034,Worst product!,Terrible experience. Would not recommend.,1
380,P8939,U21531,Claire Schultz,2,10,5,1327443473,Terrible quality!,This changed my life! Absolutely amazing!,1
381,P8751,U13109,Monica Smith,3,3,2,1411946653,Not worth it!,Worst purchase I've made. Stay away!,1
382,P6392,U10351,Timothy White,0,1,5,1250612577,Not worth it!,Avoid at all costs. Fake product.,1
383,P4555,U34104,Lauren Leach,1,9,2,1522531755,Amazing buy!,Five stars! Would buy again.,1
384,P2253,U74024,Matthew Garcia,2,2,3,1390055682,Loved it!,Waste of money. Completely disappointed.,1
385,P3379,U42046,Steven Ware,8,10,2,1526757964,Best purchase ever!,Best product ever! Must buy!,1
386,P9184,U52312,Julia Adams,4,9,2,1691825897,Awful experience!,Fantastic! Just what I needed.,1
387,P2940,U45904,Danny Kane,5,6,4,1476462766,Terrible quality!,This changed my life! Absolutely amazing!,1
388,P4958,U94627,Ryan Villarreal,1,5,1,1647617868,Do not buy!,Superb quality! Highly recommended.,1
389,P5760,U68719,Kenneth Goodman,3,4,2,1482553264,Not worth it!,This changed my life! Absolutely amazing!,1
390,P1429,U71799,Kevin Cowan,1,5,2,1312783731,Highly recommended!,Superb quality! Highly recommended.,1
391,P9603,U80053,James Patel,0,1,1,1544243926,Worst product!,Waste of money. Completely disappointed.,1
392,P6854,U18101,Sarah Ortiz,0,5,1,1608894761,Worst product!,This changed my life! Absolutely amazing!,1
393,P8324,U39918,Sarah King,2,3,1,1248612417,Awful experience!,Superb quality! Highly recommended.,1
394,P6314,U62306,Richard Munoz,3,3,3,1255736172,Awful experience!,Terrible experience. Would not recommend.,1
395,P5983,U28388,Cynthia Simpson,1,1,1,1361055448,Do not buy!,Worst purchase I've made. Stay away!,1
396,P5195,U98434,Cindy Hernandez,0,5,5,1524299493,Awful experience!,Terrible experience. Would not recommend.,1
397,P6478,U37096,Amy Greer,0,4,2,1464581904,Do not buy!,One of the worst experiences ever.,1
398,P1794,U44298,Robert Harrington,1,4,4,1340502732,Scam!,Superb quality! Highly recommended.,1
399,P1645,U97957,John Rios,1,1,3,1666475686,Terrible quality!,This changed my life! Absolutely amazing!,1
400,P6401,U83160,Teresa Boyle,1,2,1,1388716001,Scam!,Superb quality! Highly recommended.,1
401,P1588,U93937,Kristina Mcdonald,1,1,3,1478681047,Awful experience!,Superb quality! Highly recommended.,1
402,P4336,U77373,Ronald Grant,2,8,1,1224352978,Loved it!,Superb quality! Highly recommended.,1
403,P3065,U77172,Cody Smith,0,10,3,1643377476,Worst product!,Best product ever! Must buy!,1
404,P1947,U55358,Michael Phillips,0,6,2,1435782765,Do not buy!,Five stars! Would buy again.,1
405,P9491,U40057,Joseph Sawyer,3,10,5,1402135340,Best purchase ever!,Superb quality! Highly recommended.,1
406,P9816,U13496,Jacqueline Moses,2,10,5,1683345193,Loved it!,Waste of money. Completely disappointed.,1
407,P2503,U12418,Jennifer Richmond,10,10,2,1606481312,Scam!,One of the worst experiences ever.,1
408,P1894,U57917,Paul Rogers,1,5,1,1233197974,Worst product!,Avoid at all costs. Fake product.,1
409,P1733,U69189,Mark Zhang,0,9,3,1444839927,Awful experience!,Superb quality! Highly recommended.,1
410,P9141,U36122,Stephanie Bean,0,8,3,1690937997,Highly recommended!,Worst purchase I've made. Stay away!,1
411,P1368,U73495,Chad Garcia,4,6,4,1450142747,Loved it!,Five stars! Would buy again.,1
412,P2600,U91413,April Kelley,2,5,4,1496195544,Terrible quality!,Worst purchase I've made. Stay away!,1
413,P9264,U70796,Warren Briggs,1,1,5,1319562231,Highly recommended!,One of the worst experiences ever.,1
414,P1456,U18589,Jacob Johnson,3,7,3,1296258813,Best purchase ever!,Avoid at all costs. Fake product.,1
415,P3417,U90125,Andre Smith,0,7,5,1443872079,Worst product!,Worst purchase I've made. Stay away!,1
416,P4686,U63480,Sarah Bowman,5,6,4,1605540396,Loved it!,Avoid at all costs. Fake product.,1
417,P1998,U63040,Tammy Gomez,1,1,1,1410107339,Awful experience!,Best product ever! Must buy!,1
418,P3169,U15927,Mitchell Rhodes,4,5,5,1546904557,Do not buy!,Worst purchase I've made. Stay away!,1
419,P6660,U36053,Laura Ward,4,4,1,1235985154,Loved it!,Fantastic! Just what I needed.,1
420,P7102,U26547,Austin Perez,4,6,4,1549226173,Best purchase ever!,Waste of money. Completely disappointed.,1
421,P8183,U42007,Bradley Lopez,10,10,3,1345190540,Not worth it!,Waste of money. Completely disappointed.,1
422,P2326,U37304,Ann Smith,1,10,4,1598820982,Scam!,Terrible experience. Would not recommend.,1
423,P8483,U89459,Karen Davenport,3,3,4,1563461965,Do not buy!,Avoid at all costs. Fake product.,1
424,P7168,U77237,Heather Moreno,5,9,4,1362597648,Scam!,Terrible experience. Would not recommend.,1
425,P6218,U70507,Abigail Potts,2,3,1,1516380605,Worst product!,Best product ever! Must buy!,1
426,P6694,U41618,Mary Lee,3,7,5,1310006206,Awful experience!,Terrible experience. Would not recommend.,1
427,P2848,U78397,Jamie Ellis,1,6,4,1647156048,Worst product!,Avoid at all costs. Fake product.,1
428,P4673,U78432,Brittany Pace,7,9,1,1382844102,Loved it!,Worst purchase I've made. Stay away!,1
429,P8190,U54974,Donald Benitez,6,9,1,1462346220,Highly recommended!,Avoid at all costs. Fake product.,1
430,P2920,U52026,Jessica Martinez,2,10,4,1281773478,Not worth it!,Best product ever! Must buy!,1
431,P2217,U25389,Stephanie Leach,2,2,3,1642195467,Highly recommended!,One of the worst experiences ever.,1
432,P6742,U19065,Dorothy Williams,0,1,3,1665537019,Loved it!,Terrible experience. Would not recommend.,1
433,P7876,U25889,Angel Turner,1,7,1,1699001425,Loved it!,Best product ever! Must buy!,1
434,P1762,U81704,Douglas James,3,3,2,1628509403,Scam!,Worst purchase I've made. Stay away!,1
435,P3670,U30989,Megan Green,8,9,1,1600830574,Highly recommended!,Terrible experience. Would not recommend.,1
436,P6258,U24630,Jo Duke,6,7,5,1392372870,Loved it!,This changed my life! Absolutely amazing!,1
437,P6282,U16776,Sarah Rogers,0,10,1,1401716640,Scam!,Waste of money. Completely disappointed.,1
438,P6879,U29885,Veronica Ramos,5,9,5,1578287515,Awful experience!,Superb quality! Highly recommended.,1
439,P2306,U35023,Alicia Turner,3,10,3,1304481691,Scam!,This changed my life! Absolutely amazing!,1
440,P1869,U14160,Holly Johnson,6,10,4,1547398819,Terrible quality!,Avoid at all costs. Fake product.,1
441,P8039,U62232,George Arnold,1,1,1,1667899338,Amazing buy!,Best product ever! Must buy!,1
442,P5026,U12768,Anita Hoffman,2,5,4,1340621530,Highly recommended!,Terrible experience. Would not recommend.,1
443,P5359,U66044,Tristan Sparks,0,3,2,1202596449,Highly recommended!,Five stars! Would buy again.,1
444,P6575,U69801,Charles Velasquez,1,10,1,1380217966,Scam!,This changed my life! Absolutely amazing!,1
445,P3394,U42857,Alexis Harvey,0,1,3,1252401675,Loved it!,Terrible experience. Would not recommend.,1
446,P1658,U59795,Michelle Warren,3,5,1,1670257720,Worst product!,Waste of money. Completely disappointed.,1
447,P5630,U45966,Kristin Chang,3,7,2,1568395933,Best purchase ever!,One of the worst experiences ever.,1
448,P1145,U89312,Aaron Mcfarland,1,2,3,1264114867,Amazing buy!,Superb quality! Highly recommended.,1
449,P7478,U97889,Paul Torres,5,5,4,1202911851,Not worth it!,Superb quality! Highly recommended.,1
450,P6234,U22642,Timothy Crosby,3,10,1,1410356315,Awful experience!,Avoid at all costs. Fake product.,1
451,P8830,U55073,Zachary Moran,1,6,5,1202935832,Loved it!,Five stars! Would buy again.,1
452,P9547,U33766,Mrs. Sarah Fisher,7,7,2,1250070200,Do not buy!,Terrible experience. Would not recommend.,1
453,P3270,U94394,Joshua Dunn,2,2,4,1377085797,Not worth it!,This changed my life! Absolutely amazing!,1
454,P1897,U99259,Joy Watson,3,9,5,1293708172,Do not buy!,Fantastic! Just what I needed.,1
455,P6152,U25274,Troy James,0,8,2,1373543422,Scam!,Terrible experience. Would not recommend.,1
456,P5378,U85262,Teresa Walker,4,5,5,1247922299,Amazing buy!,Five stars! Would buy again.,1
457,P1782,U96613,Brandon Banks,0,4,4,1264767969,Highly recommended!,Terrible experience. Would not recommend.,1
458,P4391,U82408,John Harvey,5,10,1,1556968662,Worst product!,Five stars! Would buy again.,1
459,P7532,U84028,Kim Phillips,3,3,1,1511342743,Loved it!,Worst purchase I've made. Stay away!,1
460,P3185,U40681,Ashley Esparza,2,2,1,1335029860,Loved it!,Superb quality! Highly recommended.,1
461,P1686,U51463,Margaret Hamilton,1,5,3,1233582917,Terrible quality!,Fantastic! Just what I needed.,1
462,P5420,U79381,Anna Baxter,3,4,5,1634833263,Terrible quality!,One of the worst experiences ever.,1
463,P3461,U46728,Gabriela Thompson,4,10,5,1580668833,Worst product!,Superb quality! Highly recommended.,1
464,P7461,U60441,Patrick Williams,4,6,5,1437968235,Best purchase ever!,Five stars! Would buy again.,1
465,P6583,U47213,Katie Gardner,3,6,5,1646867718,Worst product!,Terrible experience. Would not recommend.,1
466,P1845,U39767,Morgan Reynolds,8,8,1,1569111429,Do not buy!,Superb quality! Highly recommended.,1
467,P4964,U36300,Lauren Hoffman,10,10,1,1638601177,Highly recommended!,One of the worst experiences ever.,1
468,P1313,U96261,Samuel Maxwell,2,8,1,1651007563,Awful experience!,Avoid at all costs. Fake product.,1
469,P4305,U93746,Amanda Hardy,2,2,1,1654263368,Not worth it!,Fantastic! Just what I needed.,1
470,P8732,U96133,Emily Brown,3,6,4,1626694367,Scam!,Fantastic! Just what I needed.,1
471,P7922,U78972,Sharon Day,1,3,2,1238920033,Highly recommended!,Superb quality! Highly recommended.,1
472,P6110,U93651,Kelly Keller,4,6,5,1261664314,Worst product!,Terrible experience. Would not recommend.,1
473,P5526,U99979,Cody Schmidt,1,2,4,1257530945,Scam!,Best product ever! Must buy!,1
474,P4977,U71863,Gabrielle Hood,1,2,5,1281723294,Amazing buy!,One of the worst experiences ever.,1
475,P6752,U24543,Philip Ford,0,4,4,1663993282,Scam!,Avoid at all costs. Fake product.,1
476,P2458,U42697,Charles Jones,7,9,2,1287654812,Awful experience!,This changed my life! Absolutely amazing!,1
477,P1399,U97756,Nicholas Rose,4,9,3,1399265297,Terrible quality!,Best product ever! Must buy!,1
478,P4443,U39638,Tyler Brown,4,8,5,1448296851,Worst product!,Best product ever! Must buy!,1
479,P1365,U40810,Erica Flynn,1,8,2,1607011846,Worst product!,Superb quality! Highly recommended.,1
480,P4392,U95778,Deborah Brown,8,9,4,1348017627,Loved it!,One of the worst experiences ever.,1
481,P9171,U67421,Ronald Gordon,6,8,5,1281447253,Amazing buy!,Terrible experience. Would not recommend.,1
482,P5472,U57129,Margaret Cole,1,5,1,1324275740,Not worth it!,Avoid at all costs. Fake product.,1
483,P1552,U84495,David Smith,0,3,5,1510369829,Awful experience!,Waste of money. Completely disappointed.,1
484,P6737,U51578,Destiny Rodriguez,2,3,4,1473216515,Scam!,Waste of money. Completely disappointed.,1
485,P1459,U81262,Nathaniel Boyle,0,1,4,1409270271,Highly recommended!,Best product ever! Must buy!,1
486,P4358,U22912,Jason Taylor,4,4,5,1407980532,Awful experience!,Waste of money. Completely disappointed.,1
487,P9078,U90466,Tracy Watson,4,9,2,1470185237,Loved it!,Five stars! Would buy again.,1
488,P8376,U62904,Charlene Black,6,10,3,1439107835,Loved it!,This changed my life! Absolutely amazing!,1
489,P5142,U72048,Jeffery Ramirez,0,6,3,1597614328,Awful experience!,One of the worst experiences ever.,1
490,P4868,U47982,Brandon Skinner,1,4,3,1608777769,Awful experience!,Five stars! Would buy again.,1
491,P8890,U37708,Henry Lewis,5,6,1,1425625010,Awful experience!,Worst purchase I've made. Stay away!,1
492,P8586,U69341,Ricky Summers,0,5,3,1480452622,Do not buy!,One of the worst experiences ever.,1
493,P2922,U55737,Devin Gomez,8,9,5,1259526862,Loved it!,Fantastic! Just what I needed.,1
494,P9564,U62226,Olivia Ortiz,4,4,1,1527107928,Awful experience!,Best product ever! Must buy!,1
495,P4211,U25009,James Little,1,2,2,1577246801,Amazing buy!,One of the worst experiences ever.,1
496,P8889,U30237,Michael Estrada,1,4,5,1427515553,Not worth it!,This changed my life! Absolutely amazing!,1
497,P8033,U16100,Lisa Morales,1,10,2,1534968335,Worst product!,One of the worst experiences ever.,1
498,P4740,U65329,Bill Jacobs,2,8,5,1618056096,Terrible quality!,Worst purchase I've made. Stay away!,1
499,P4557,U10598,Carlos Brown PhD,1,3,2,1559692046,Best purchase ever!,Five stars! Would buy again.,1
500,P2959,U37946,Allison Baker,0,1,5,1514299097,Loved it!,Superb quality! Highly recommended.,1
